/*
 Navicat Premium Data Transfer

 Source Server         : MYSQL LOCAL
 Source Server Type    : MySQL
 Source Server Version : 100121
 Source Host           : localhost
 Source Database       : tgpinver_intsu

 Target Server Type    : MySQL
 Target Server Version : 100121
 File Encoding         : utf-8

 Date: 02/28/2017 08:04:07 AM
*/

SET NAMES utf8mb4;
SET FOREIGN_KEY_CHECKS = 0;

-- ----------------------------
--  Table structure for `CI_Sessions`
-- ----------------------------
DROP TABLE IF EXISTS `CI_Sessions`;
CREATE TABLE `CI_Sessions` (
  `id` varchar(128) NOT NULL,
  `ip_address` varchar(45) NOT NULL,
  `timestamp` int(10) unsigned NOT NULL DEFAULT '0',
  `data` blob NOT NULL,
  KEY `ci_sessions_timestamp` (`timestamp`)
) ENGINE=MyISAM DEFAULT CHARSET=latin1 ROW_FORMAT=DYNAMIC;

-- ----------------------------
--  Records of `CI_Sessions`
-- ----------------------------
BEGIN;
INSERT INTO `CI_Sessions` VALUES ('5bmc9pg3bbbquehqhnm17mjuiobvojkv', '190.161.27.120', '1484579284', 0x5f5f63695f6c6173745f726567656e65726174657c693a313438343537393238343b), ('f5eqavt2cgo1dmi8fiq8u6469rlet0es', '190.161.27.120', '1484579645', 0x5f5f63695f6c6173745f726567656e65726174657c693a313438343537393634353b), ('osc7k42nnalm2p82ld1qapn1m1qu023n', '190.161.27.120', '1484580024', 0x5f5f63695f6c6173745f726567656e65726174657c693a313438343538303032343b), ('c9g10ie8dp94nvonnup11ro1e93jg72b', '190.161.27.120', '1484581844', 0x5f5f63695f6c6173745f726567656e65726174657c693a313438343538313834343b), ('29n8gd1grs7n9p1sb58rdrml0fknttdu', '190.161.27.120', '1484582642', 0x5f5f63695f6c6173745f726567656e65726174657c693a313438343538323634323b), ('2klk4k4m820g8f3pc4h9c2no3civfvci', '94.102.49.193', '1484582477', 0x5f5f63695f6c6173745f726567656e65726174657c693a313438343538323437373b), ('acihemn281jqc7srhp526ksgkn1undul', '190.161.27.120', '1484582956', 0x5f5f63695f6c6173745f726567656e65726174657c693a313438343538323935363b), ('1et580bnjb1p14a8hu07u1t4cfjalgf6', '190.161.27.120', '1484583364', 0x5f5f63695f6c6173745f726567656e65726174657c693a313438343538333336343b), ('dkpfpsrdgu4svvin66p1qpmtntm132ag', '190.161.27.120', '1484584271', 0x5f5f63695f6c6173745f726567656e65726174657c693a313438343538343237313b), ('asepes58ld8us4g7n8b5lq03b1e2pfcu', '190.161.27.120', '1484584610', 0x5f5f63695f6c6173745f726567656e65726174657c693a313438343538343631303b), ('g247q1gl1nhlhqaoqqbgn3osk27vdlmq', '190.161.27.120', '1484584985', 0x5f5f63695f6c6173745f726567656e65726174657c693a313438343538343938353b), ('1pa32ivagub767d6jnqb0um1tfsgfusj', '190.161.27.120', '1484585307', 0x5f5f63695f6c6173745f726567656e65726174657c693a313438343538353330373b), ('t6af90n99t41bkbob7a4ggn7sgp06lvc', '190.161.27.120', '1484586082', 0x5f5f63695f6c6173745f726567656e65726174657c693a313438343538363038323b), ('qfl3jl5qi19ickdd8nb9ant0q3b5180d', '190.161.27.120', '1484586125', 0x5f5f63695f6c6173745f726567656e65726174657c693a313438343538363038323b), ('no99kff7mtd5f54scqh21dso34j3plmd', '216.218.206.68', '1484592104', 0x5f5f63695f6c6173745f726567656e65726174657c693a313438343539323130343b), ('7hbm4n9e908r487klfsg8ahv06jq75l0', '66.249.83.31', '1484594376', 0x5f5f63695f6c6173745f726567656e65726174657c693a313438343539343337363b), ('s00fftbdm5kml45prgm0sird51r5vu9o', '200.30.237.87', '1484596018', 0x5f5f63695f6c6173745f726567656e65726174657c693a313438343539363031383b), ('69tuimt74016dvjjlg4gsgnrml85rbgq', '190.161.27.120', '1484596944', 0x5f5f63695f6c6173745f726567656e65726174657c693a313438343539363934343b), ('kqd9luia8p36etfe4s5250fip9lantjs', '200.30.237.87', '1484600080', 0x5f5f63695f6c6173745f726567656e65726174657c693a313438343630303038303b), ('sute5h54m4d5qlrb1htcu3ls6a2q9qlb', '190.161.27.120', '1484597039', 0x5f5f63695f6c6173745f726567656e65726174657c693a313438343539363934343b), ('ojh8ec0sdfpq65laeabdndejjh2rbebm', '200.30.237.87', '1484600080', 0x5f5f63695f6c6173745f726567656e65726174657c693a313438343630303038303b), ('2k4ab4rqgu88b4gov5dj7m00tc7021qf', '207.46.13.28', '1484605133', 0x5f5f63695f6c6173745f726567656e65726174657c693a313438343630353133333b), ('4btc8t1qljhb89eatv684ct3praalnqd', '216.145.11.94', '1484643044', 0x5f5f63695f6c6173745f726567656e65726174657c693a313438343634333034343b), ('n65indq9n6nufsdjhvfn4te89r8b3llk', '172.245.161.134', '1484647145', 0x5f5f63695f6c6173745f726567656e65726174657c693a313438343634373134353b), ('oe6v7nni3m10u6hefnmm0sk9m3fhhqig', '66.249.73.190', '1484650184', 0x5f5f63695f6c6173745f726567656e65726174657c693a313438343635303138343b), ('f51i7jmmanjrf4p11vl8o7b49cqjv0t7', '207.46.13.28', '1484650429', 0x5f5f63695f6c6173745f726567656e65726174657c693a313438343635303432393b), ('2og8j9ndgqi052m7uue2p0kfcvmk61b2', '66.249.83.31', '1484656091', 0x5f5f63695f6c6173745f726567656e65726174657c693a313438343635363039313b), ('7fghb2f1ubippj4ufds0chhnfanl1jt0', '171.118.242.80', '1484660734', 0x5f5f63695f6c6173745f726567656e65726174657c693a313438343636303733343b), ('cnmbm9dru2gcvj3i01m156otcimbv8n3', '175.152.35.188', '1484660797', 0x5f5f63695f6c6173745f726567656e65726174657c693a313438343636303739373b), ('vtv7c5ns03h1j3f703hg57h0ocigtgbg', '120.85.207.114', '1484660797', 0x5f5f63695f6c6173745f726567656e65726174657c693a313438343636303739373b), ('40vd8b2ufh0om3v2nge2taleranjo30a', '139.162.68.80', '1484660799', 0x5f5f63695f6c6173745f726567656e65726174657c693a313438343636303739393b), ('uvlpr940jn5t6h2q3addr593julugos5', '110.240.165.37', '1484660801', 0x5f5f63695f6c6173745f726567656e65726174657c693a313438343636303830313b), ('5bekvc8tbtothspls62dlf2llpmfbnm1', '139.162.91.97', '1484660801', 0x5f5f63695f6c6173745f726567656e65726174657c693a313438343636303830313b), ('v1h4inlq25o4pdvni0ovli4r35800lth', '106.185.35.218', '1484660806', 0x5f5f63695f6c6173745f726567656e65726174657c693a313438343636303830363b), ('6ureeopl0ofv7uhj7ugh7jsjgrbb22qr', '27.10.72.146', '1484660817', 0x5f5f63695f6c6173745f726567656e65726174657c693a313438343636303831373b), ('0505qg215vhrglf9j1k8m0cji3s71rle', '171.34.218.211', '1484660827', 0x5f5f63695f6c6173745f726567656e65726174657c693a313438343636303832373b), ('nj48s0qld96ruhe8761o2u3b2fae6h3i', '190.161.27.120', '1484668176', 0x5f5f63695f6c6173745f726567656e65726174657c693a313438343636383137363b), ('0h3rsokij321jandalt8vmevommmrqvm', '54.218.104.182', '1484669039', 0x5f5f63695f6c6173745f726567656e65726174657c693a313438343636393033393b), ('bdiq6habgepdej0203ndndd9oe3ksn03', '216.218.206.66', '1484671232', 0x5f5f63695f6c6173745f726567656e65726174657c693a313438343637313233323b), ('chcair2au5uj35gqih1c9jj2glk7cogd', '66.249.73.190', '1484677310', 0x5f5f63695f6c6173745f726567656e65726174657c693a313438343637373331303b), ('5htakgjleh8u9cqj5vdlradf917e8f5s', '66.249.73.150', '1484677710', 0x5f5f63695f6c6173745f726567656e65726174657c693a313438343637373731303b), ('ctohfstjmt41qspfpcp60ad9p4cbl5f2', '66.249.76.9', '1484685264', 0x5f5f63695f6c6173745f726567656e65726174657c693a313438343638353236343b), ('p6jtlhd1gq9kmll9g7odf5q41lqibebu', '66.249.76.29', '1484687122', 0x5f5f63695f6c6173745f726567656e65726174657c693a313438343638373132323b), ('1qqefqv2dnikm5qgfht74m0imji9vcjq', '85.132.117.233', '1484689805', 0x5f5f63695f6c6173745f726567656e65726174657c693a313438343638393830353b), ('2dksg3o4b8k3v2bqbnb1e8jebeihoh9c', '66.249.83.213', '1484707731', 0x5f5f63695f6c6173745f726567656e65726174657c693a313438343730373733313b), ('k8onmgrobt43ne0r7j95ev1f47gg4apk', '186.105.246.232', '1484707737', 0x5f5f63695f6c6173745f726567656e65726174657c693a313438343730373733373b), ('99eqvlh245428prubilfder4qemu8oot', '66.249.76.7', '1484717497', 0x5f5f63695f6c6173745f726567656e65726174657c693a313438343731373439373b), ('2d60ok0unaa36igj47mij64dse5taemb', '40.77.167.80', '1484736174', 0x5f5f63695f6c6173745f726567656e65726174657c693a313438343733363137343b), ('3gti2cfuc2e6nnlbemfitm58e6vqagc2', '200.68.9.177', '1484747846', 0x5f5f63695f6c6173745f726567656e65726174657c693a313438343734373834363b), ('ieirp26vn70af42gsl4grs980k988vuj', '66.249.92.84', '1484754021', 0x5f5f63695f6c6173745f726567656e65726174657c693a313438343735343032313b), ('8es0al06282s8mkum06nj86bi209q0ni', '183.129.160.229', '1484755162', 0x5f5f63695f6c6173745f726567656e65726174657c693a313438343735353136323b), ('quaql122k4rqrdknb548lbf4muk19ins', '184.105.247.195', '1484756000', 0x5f5f63695f6c6173745f726567656e65726174657c693a313438343735363030303b), ('ku8iqjgc82ggpcaf9uo9tr8urmfqej19', '40.77.167.80', '1484777401', 0x5f5f63695f6c6173745f726567656e65726174657c693a313438343737373430313b), ('a5gu94oc7l4jufbb73kjihrd6cam7ucg', '186.67.73.109', '1484778797', 0x5f5f63695f6c6173745f726567656e65726174657c693a313438343737383739373b), ('cf4ck3rt9k83ouvumv7podkkr94a7e56', '60.191.38.77', '1484785155', 0x5f5f63695f6c6173745f726567656e65726174657c693a313438343738353135353b), ('hl7qrlbonmlmr3svpa7ri00j0tunpp38', '66.249.83.3', '1484787153', 0x5f5f63695f6c6173745f726567656e65726174657c693a313438343738373135333b), ('6t6124hm94s9p3ce8nb1vgqt3r6blhhq', '66.249.76.67', '1484797475', 0x5f5f63695f6c6173745f726567656e65726174657c693a313438343739373437353b), ('cnb685vsri04dpjb6095hro0u9hfq87v', '60.191.38.77', '1484809525', 0x5f5f63695f6c6173745f726567656e65726174657c693a313438343830393532353b), ('nisat0pedii25bgmso152djtieiott2e', '66.249.76.9', '1484820733', 0x5f5f63695f6c6173745f726567656e65726174657c693a313438343832303733333b), ('5pdruiap3tktf1ij478eei8509hi73nd', '216.218.206.66', '1484822284', 0x5f5f63695f6c6173745f726567656e65726174657c693a313438343832323238343b), ('tuacca8q49bon34lfdo3vbd8l07qkae9', '139.162.13.205', '1484834568', 0x5f5f63695f6c6173745f726567656e65726174657c693a313438343833343536383b), ('1o2oppn5d88qjkb5ekposi6tu0ub7q0e', '66.249.83.5', '1484839120', 0x5f5f63695f6c6173745f726567656e65726174657c693a313438343833393132303b), ('qjj03pgoauncugl9ahetk4bagtnp625o', '191.125.189.166', '1484873130', 0x5f5f63695f6c6173745f726567656e65726174657c693a313438343837333038333b), ('tnvk2h4ogc4ktptn6n5qv1db825huplt', '186.105.140.21', '1484878074', 0x5f5f63695f6c6173745f726567656e65726174657c693a313438343837373839333b), ('ea55qqc0hosqr0o14ht11d81esoai0ro', '66.249.83.5', '1484917464', 0x5f5f63695f6c6173745f726567656e65726174657c693a313438343931373436343b), ('krdplhdcfci133v1d1ejj32p2gq7bpqe', '181.160.1.47', '1484918077', 0x5f5f63695f6c6173745f726567656e65726174657c693a313438343931373936373b), ('20r16s5rja0b59vd4ns36084ohr635ib', '216.218.206.66', '1484936008', 0x5f5f63695f6c6173745f726567656e65726174657c693a313438343933363030383b), ('hnuhfrj9m2prfkdv4briji3bpth6477f', '66.249.79.150', '1484936912', 0x5f5f63695f6c6173745f726567656e65726174657c693a313438343933363931323b), ('c29oflqjk56ih9pc5kco4dri5rt7fhst', '66.249.79.168', '1484951108', 0x5f5f63695f6c6173745f726567656e65726174657c693a313438343935313130383b), ('76imm6lp87mr9f8vc40vcth7rn5e5l67', '184.105.247.195', '1485017682', 0x5f5f63695f6c6173745f726567656e65726174657c693a313438353031373638323b), ('4b5r53c0v3d1858vl697qlc05jvs02ar', '66.249.83.211', '1485054392', 0x5f5f63695f6c6173745f726567656e65726174657c693a313438353035343339323b), ('1onng3hcf9j7ilusrs1f4c753uu4nf71', '66.249.69.140', '1485056676', 0x5f5f63695f6c6173745f726567656e65726174657c693a313438353035363637363b), ('n0skgspe4l9bqin1krs2mvfkt9o6kv9i', '66.249.69.51', '1485059597', 0x5f5f63695f6c6173745f726567656e65726174657c693a313438353035393539373b), ('6rr82im4boogvn7u59osndft6enbib4c', '66.249.69.51', '1485075771', 0x5f5f63695f6c6173745f726567656e65726174657c693a313438353037353737313b), ('dbm5o6mgc7ddbigr7d1agnd8bikp5m4n', '181.143.178.125', '1485083258', 0x5f5f63695f6c6173745f726567656e65726174657c693a313438353038333235383b), ('9dkmsd65smcn1nhrbi207tqp7li8ddhv', '66.249.69.55', '1485090444', 0x5f5f63695f6c6173745f726567656e65726174657c693a313438353039303434343b), ('vectcdl3agvndccghuq6jg50aod7vdtt', '66.249.69.134', '1485095671', 0x5f5f63695f6c6173745f726567656e65726174657c693a313438353039353637313b), ('rb9kn7c6fdr1glpvh0hvji5q650rno3r', '74.82.47.3', '1485101572', 0x5f5f63695f6c6173745f726567656e65726174657c693a313438353130313537323b), ('81ubpqvutfdlrtadpip2t013th1a6la4', '66.249.69.55', '1485108474', 0x5f5f63695f6c6173745f726567656e65726174657c693a313438353130383437343b), ('ivdkc10ni4s8qa0k690ppfvioa45s9pf', '66.249.76.9', '1485116000', 0x5f5f63695f6c6173745f726567656e65726174657c693a313438353131363030303b), ('qi7q7immjmt7mdet27u0jpn0pcq7icq2', '66.249.76.67', '1485127859', 0x5f5f63695f6c6173745f726567656e65726174657c693a313438353132373835393b), ('16sr6pctvt7bohld8m07ugndpmtmos0u', '54.183.137.154', '1485138864', 0x5f5f63695f6c6173745f726567656e65726174657c693a313438353133383836343b), ('aqpploajkj3fnigqm2f8jn9gscedsqsg', '54.67.84.201', '1485138870', 0x5f5f63695f6c6173745f726567656e65726174657c693a313438353133383837303b), ('huta8f3ojuj584sb9vur1lloupi88qr6', '54.215.210.169', '1485138877', 0x5f5f63695f6c6173745f726567656e65726174657c693a313438353133383837303b), ('6caa1n8binign343hjuucp1kgijjkgdi', '66.249.76.9', '1485143650', 0x5f5f63695f6c6173745f726567656e65726174657c693a313438353134333635303b), ('duisfehtmdpqj0efcc6lippnuigee7pf', '139.162.13.205', '1485157409', 0x5f5f63695f6c6173745f726567656e65726174657c693a313438353135373430393b), ('b2vvfbl91r8hotm5etloq0rp1uca4mpv', '66.249.83.31', '1485174247', 0x5f5f63695f6c6173745f726567656e65726174657c693a313438353137343234373b), ('5bio7gtjjs1sbaicv5nvapgqfnlvdtg2', '216.218.206.67', '1485190494', 0x5f5f63695f6c6173745f726567656e65726174657c693a313438353139303439343b), ('6eg3jp4knudp40vh95285cdmnll9ferf', '190.161.27.120', '1485191172', 0x5f5f63695f6c6173745f726567656e65726174657c693a313438353139313137323b), ('35eps9rs5v3irus7rm1nni1jitqqoq0d', '60.191.38.78', '1485194080', 0x5f5f63695f6c6173745f726567656e65726174657c693a313438353139343038303b), ('glh5e5qm5o53ev0bcal18som8oaspiuh', '139.162.125.99', '1485223145', 0x5f5f63695f6c6173745f726567656e65726174657c693a313438353232333134353b), ('b6j7sdfn2nipfp32bv75dbdsni8uu4mb', '60.191.38.77', '1485224960', 0x5f5f63695f6c6173745f726567656e65726174657c693a313438353232343936303b), ('gibps9pa0oe9rbrj2jrd3ip7fss9o30b', '66.249.76.7', '1485229040', 0x5f5f63695f6c6173745f726567656e65726174657c693a313438353232393034303b), ('j83n0knos7krsiocq0jtik09t9812ara', '54.153.59.38', '1485243554', 0x5f5f63695f6c6173745f726567656e65726174657c693a313438353234333535343b), ('44gjm6df68um16q63kp9lfsvhgmth8m8', '139.162.113.204', '1485245901', 0x5f5f63695f6c6173745f726567656e65726174657c693a313438353234353930313b), ('7urq3p3qkt6tcoeh788o7ng2g3dghjp0', '216.218.206.66', '1485255470', 0x5f5f63695f6c6173745f726567656e65726174657c693a313438353235353437303b), ('9min18vlv8skghp9858hjeu8tmln97ik', '66.249.83.3', '1485261193', 0x5f5f63695f6c6173745f726567656e65726174657c693a313438353236313139333b), ('2lkobnmgod2jnc7vnj6h1kr8fmr30tkn', '66.249.76.120', '1485266653', 0x5f5f63695f6c6173745f726567656e65726174657c693a313438353236363635333b), ('4u61unpfbsfc4mtn0thk44jbdmorpvr5', '138.197.73.164', '1485269181', 0x5f5f63695f6c6173745f726567656e65726174657c693a313438353236393138313b), ('cv7f3djfc6tt7fcie8p7m8krnq8iip2f', '138.197.78.113', '1485270873', 0x5f5f63695f6c6173745f726567656e65726174657c693a313438353237303837333b), ('hapfck7j6jisbafv2v8i35sj37kmards', '66.249.76.9', '1485276972', 0x5f5f63695f6c6173745f726567656e65726174657c693a313438353237363937323b), ('g5rhv6194oerfsm62029es2d50nrnbei', '138.197.69.156', '1485277077', 0x5f5f63695f6c6173745f726567656e65726174657c693a313438353237373037373b), ('2ll8akddgmthl81jvim2udf7c03qgcn3', '45.55.197.222', '1485277139', 0x5f5f63695f6c6173745f726567656e65726174657c693a313438353237373133393b), ('78t69vdq1btv0luvqutbi7m1v0tjcfjn', '186.67.190.74', '1485286618', 0x5f5f63695f6c6173745f726567656e65726174657c693a313438353238363631383b), ('q957kav7r8qspsqs2eri7gi5ett0vpja', '66.249.76.9', '1485286639', 0x5f5f63695f6c6173745f726567656e65726174657c693a313438353238363633393b), ('c39phu3241g38kevlcf02o8k8skepo44', '186.67.190.74', '1485293346', 0x5f5f63695f6c6173745f726567656e65726174657c693a313438353239333331363b), ('2rltv3rar8tj7ejl5r4htud0lvdmj15j', '138.197.83.46', '1485308385', 0x5f5f63695f6c6173745f726567656e65726174657c693a313438353330383338353b), ('qscn92tpjie0f9ku5nkamjc89f64igcb', '138.197.65.239', '1485309559', 0x5f5f63695f6c6173745f726567656e65726174657c693a313438353330393535393b), ('vj4kqilkfp9klhm4m6ur37k3jfuv49ao', '138.197.93.166', '1485309650', 0x5f5f63695f6c6173745f726567656e65726174657c693a313438353330393635303b), ('utp9mv704fcalmkus1lk7i12qtsavf8j', '162.243.186.167', '1485310184', 0x5f5f63695f6c6173745f726567656e65726174657c693a313438353331303138343b), ('rvm6pfr8i84g086vsa9d4pl1cv8vakfg', '85.255.2.204', '1485338574', 0x5f5f63695f6c6173745f726567656e65726174657c693a313438353333383537343b), ('utk4dqjgt0hrqjmuvc8r3bgjq8ccklrm', '66.249.83.209', '1485354817', 0x5f5f63695f6c6173745f726567656e65726174657c693a313438353335343831373b), ('phquhsfc73j8c4gspjh832g9mmmih39r', '74.82.47.5', '1485360731', 0x5f5f63695f6c6173745f726567656e65726174657c693a313438353336303733313b), ('l1pg3hv5u0kedfsndpbamn64cgjpseh3', '66.249.76.95', '1485364873', 0x5f5f63695f6c6173745f726567656e65726174657c693a313438353336343837333b), ('msec7r2qmq68rp6j5ib9b6svnr0rv032', '66.249.76.9', '1485364879', 0x5f5f63695f6c6173745f726567656e65726174657c693a313438353336343837393b), ('uv3q73rap3kp2c5rer6nhum8pbgt5t74', '66.249.76.11', '1485371854', 0x5f5f63695f6c6173745f726567656e65726174657c693a313438353337313835343b), ('07r8s90kq35hfti1ggr42rmb2sg4o7kh', '66.249.76.9', '1485371939', 0x5f5f63695f6c6173745f726567656e65726174657c693a313438353337313933393b), ('njpou9ff1t6tjq9ktrani04o1ruafivh', '66.249.76.64', '1485371945', 0x5f5f63695f6c6173745f726567656e65726174657c693a313438353337313934353b), ('9adlt6c80a0f8u0e2d75iv4c9u5k1ii4', '66.249.66.217', '1485379322', 0x5f5f63695f6c6173745f726567656e65726174657c693a313438353337393332323b), ('7ug2s3mbtdcrf8b2g9v3jgefsec0j03q', '66.249.66.252', '1485379338', 0x5f5f63695f6c6173745f726567656e65726174657c693a313438353337393333383b), ('trojp3dpasv7um1mgkiopjmaqs0uc7j0', '66.249.76.9', '1485379343', 0x5f5f63695f6c6173745f726567656e65726174657c693a313438353337393334333b), ('ke6nu6q8rfccqupm5crb3a1soavut242', '60.191.38.77', '1485392638', 0x5f5f63695f6c6173745f726567656e65726174657c693a313438353339323633383b), ('9v7qnfu7q913c45d8dkn9hqi8imdsli5', '139.162.113.204', '1485412821', 0x5f5f63695f6c6173745f726567656e65726174657c693a313438353431323832313b), ('q1qopshu7jachvi3n4ves3t9ih3vh56t', '66.249.76.9', '1485415119', 0x5f5f63695f6c6173745f726567656e65726174657c693a313438353431353131393b), ('4joi3fs5439ot02jdvd2lectv0i4nn1p', '66.249.76.95', '1485415121', 0x5f5f63695f6c6173745f726567656e65726174657c693a313438353431353132313b), ('kvajcecna6eajl8qi9lqq0tco1u3e8b8', '66.249.66.213', '1485415123', 0x5f5f63695f6c6173745f726567656e65726174657c693a313438353431353132333b), ('ms0d901kv2l05cnuvn027dto9u0tplo3', '66.249.76.7', '1485429587', 0x5f5f63695f6c6173745f726567656e65726174657c693a313438353432393538373b), ('3dtnvdbshll2vrlriin3srn3lkfddgl4', '66.249.76.95', '1485429617', 0x5f5f63695f6c6173745f726567656e65726174657c693a313438353432393631373b), ('uv3vtolhihh6dubmuq06r1p760o90ksg', '66.249.76.11', '1485429853', 0x5f5f63695f6c6173745f726567656e65726174657c693a313438353432393835333b), ('dqohpbhf3f09e8n28vv61ecvbrb2o0k9', '216.218.206.68', '1485435918', 0x5f5f63695f6c6173745f726567656e65726174657c693a313438353433353931383b), ('ln9je84pg4qeaf60b5pc4p3dqienbq1u', '66.249.83.31', '1485436553', 0x5f5f63695f6c6173745f726567656e65726174657c693a313438353433363535333b), ('0tfiqbhgj5qnbcfeq8e0hgmlr91qapsg', '60.191.38.77', '1485463566', 0x5f5f63695f6c6173745f726567656e65726174657c693a313438353436333536363b), ('1s2ff22l9ngogft4goc4f3rs4b255j5t', '66.249.76.9', '1485510726', 0x5f5f63695f6c6173745f726567656e65726174657c693a313438353531303732363b), ('p8m6ft8fh3ovksv4ab0jag7963b7pkm3', '66.249.76.7', '1485510727', 0x5f5f63695f6c6173745f726567656e65726174657c693a313438353531303732373b), ('8iqq7o0h80mtm9qjsjgm4akfh8eorj8t', '66.249.83.3', '1485519857', 0x5f5f63695f6c6173745f726567656e65726174657c693a313438353531393835373b), ('2bb1r58uqg230ck50bqhucpea8l7skg4', '66.249.76.64', '1485531345', 0x5f5f63695f6c6173745f726567656e65726174657c693a313438353533313334353b), ('6um94fi9guu7avtjmsbjsnlbtldohhnj', '74.82.47.3', '1485534721', 0x5f5f63695f6c6173745f726567656e65726174657c693a313438353533343732313b), ('mp1frk4essl5nh2j3t9p1iok2n2qfju8', '66.102.6.73', '1485535500', 0x5f5f63695f6c6173745f726567656e65726174657c693a313438353533353530303b), ('f6vebrj7ams0aoog72425ddjagapnnqa', '139.162.118.185', '1485602412', 0x5f5f63695f6c6173745f726567656e65726174657c693a313438353630323431323b), ('29hi09g84kbdiei332l7mp1ftt3vggsq', '66.249.76.9', '1485603044', 0x5f5f63695f6c6173745f726567656e65726174657c693a313438353630333034343b), ('qh4lm85ovgt98c4j1mgnoucfdpsao24e', '66.249.76.64', '1485603534', 0x5f5f63695f6c6173745f726567656e65726174657c693a313438353630333533343b), ('hept19a3fbjdnfq7kngfe0khns8tohla', '216.218.206.68', '1485611705', 0x5f5f63695f6c6173745f726567656e65726174657c693a313438353631313730353b), ('lv7dcfp99df0a8c05ovm4k9t6q1ci6dv', '66.249.92.84', '1485626610', 0x5f5f63695f6c6173745f726567656e65726174657c693a313438353632363631303b), ('aebkf928ei842f1dcbjjhl3cje079ab2', '66.249.90.188', '1485637270', 0x5f5f63695f6c6173745f726567656e65726174657c693a313438353633373237303b), ('v9b48vvntrcj8m7l4i80f8ji7ukd810p', '66.249.83.209', '1485640278', 0x5f5f63695f6c6173745f726567656e65726174657c693a313438353634303237383b), ('87fssr8ocqj7ii06r19nuca6csvi2ni2', '66.249.73.243', '1485650889', 0x5f5f63695f6c6173745f726567656e65726174657c693a313438353635303838393b), ('qjhjat696t76guboncv2dhsgh67ku7s4', '66.249.73.19', '1485695578', 0x5f5f63695f6c6173745f726567656e65726174657c693a313438353639353537383b), ('lq7v2uqn7tmc0k2tqb7gsi6n9dk5i0gk', '66.249.73.237', '1485695633', 0x5f5f63695f6c6173745f726567656e65726174657c693a313438353639353633333b), ('nql9nifj4rskb971i98dqocbme1pn0hn', '184.105.247.194', '1485709557', 0x5f5f63695f6c6173745f726567656e65726174657c693a313438353730393535373b), ('uaolrrdjbl28utnb8pvs68qgjdo4prpm', '66.249.76.118', '1485721091', 0x5f5f63695f6c6173745f726567656e65726174657c693a313438353732313039313b), ('prqsk0uboh7ea252a1a486s0hbke914b', '66.249.75.10', '1485734432', 0x5f5f63695f6c6173745f726567656e65726174657c693a313438353733343433323b), ('19ld9pusg1848mr9o59pcm73rq5es11i', '66.249.69.47', '1485762615', 0x5f5f63695f6c6173745f726567656e65726174657c693a313438353736323631353b), ('8o7rek8jcvv75pmbn6vlek164c28l24t', '66.249.76.118', '1485778123', 0x5f5f63695f6c6173745f726567656e65726174657c693a313438353737383132333b), ('ro51uoi1mooqijaoe6t1jmsr19e0qk4l', '66.249.76.120', '1485793147', 0x5f5f63695f6c6173745f726567656e65726174657c693a313438353739333134373b), ('ceugdvs6sfmcjbqfv0t3dk64i0uak8qi', '66.249.69.51', '1485793704', 0x5f5f63695f6c6173745f726567656e65726174657c693a313438353739333730343b), ('5hq7sgqipm3mhh5e2pfn0pl4hkl9lgp6', '216.218.206.66', '1485795820', 0x5f5f63695f6c6173745f726567656e65726174657c693a313438353739353832303b), ('l8jq1qi8pq6q5i8rtk69q88l2tpl5r2a', '213.254.241.4', '1485801810', 0x5f5f63695f6c6173745f726567656e65726174657c693a313438353830313831303b), ('sgcetv4lnc9b34cf79805lqqp4q3cacs', '66.249.76.9', '1485815245', 0x5f5f63695f6c6173745f726567656e65726174657c693a313438353831353234353b), ('pon0t5tns8qi9vmcpi78a423ufe6t8o9', '66.249.76.9', '1485819331', 0x5f5f63695f6c6173745f726567656e65726174657c693a313438353831393333313b), ('vu3r6ai4d36oknm5s2cch6j83g9alek3', '60.191.38.77', '1485819387', 0x5f5f63695f6c6173745f726567656e65726174657c693a313438353831393338373b), ('v73i6e1omdhel0opj0kh7fsvnsc9792m', '66.249.76.118', '1485837843', 0x5f5f63695f6c6173745f726567656e65726174657c693a313438353833373834333b), ('or2j2kftmna54m3oknhb1j3bimupmpch', '54.201.0.199', '1485862881', 0x5f5f63695f6c6173745f726567656e65726174657c693a313438353836323838313b), ('0mmqa4gco1h5gn51hisq1aig2p7aadb3', '139.162.125.99', '1485877302', 0x5f5f63695f6c6173745f726567656e65726174657c693a313438353837373330323b), ('c6bokq51l680p6jlo40e6vuh8l3537d9', '66.249.76.7', '1485878220', 0x5f5f63695f6c6173745f726567656e65726174657c693a313438353837383232303b), ('hkoln6bi7l36t8pu4lcd98eb7b3trqbb', '74.82.47.5', '1485882893', 0x5f5f63695f6c6173745f726567656e65726174657c693a313438353838323839333b), ('ac7f16p3sect551bru9osqsa68ni9vct', '85.255.10.127', '1485884263', 0x5f5f63695f6c6173745f726567656e65726174657c693a313438353838343236333b), ('lugfsi8dcq928cd1dpdsqv7l5k8gu4s3', '66.249.76.95', '1485891121', 0x5f5f63695f6c6173745f726567656e65726174657c693a313438353839313132313b), ('p43nh8v7ccsg3j4ojv3smokph5jmm84j', '60.191.38.77', '1485902660', 0x5f5f63695f6c6173745f726567656e65726174657c693a313438353930323636303b), ('uaifc90bp53jd68056gpmpvnnm4itt5h', '184.105.247.194', '1485951972', 0x5f5f63695f6c6173745f726567656e65726174657c693a313438353935313937323b), ('6pgfdcfbcvq041o26omfceauo36tci42', '203.91.84.24', '1485953239', 0x5f5f63695f6c6173745f726567656e65726174657c693a313438353935333233393b), ('gf5lm0h35um8hkk3pr9adv0eb9bm5u61', '139.162.106.181', '1485959652', 0x5f5f63695f6c6173745f726567656e65726174657c693a313438353935393635323b), ('uho5foigtack7h6cr36l14lvhida8hun', '66.249.75.13', '1485974445', 0x5f5f63695f6c6173745f726567656e65726174657c693a313438353937343434353b), ('9ddv98numklhqjgu5k4957ick2tj5dra', '66.249.76.119', '1486006855', 0x5f5f63695f6c6173745f726567656e65726174657c693a313438363030363835353b), ('2m0nv172t2lh9ubhpk5li3gqqltpdpnn', '74.82.47.3', '1486032798', 0x5f5f63695f6c6173745f726567656e65726174657c693a313438363033323739383b), ('gl6hedg4drcn3b13957tr2n05hes307h', '66.249.83.155', '1486053946', 0x5f5f63695f6c6173745f726567656e65726174657c693a313438363035333934363b), ('941cqgvgdp04n6jrdsfdt9it32udla9v', '190.107.226.248', '1486054479', 0x5f5f63695f6c6173745f726567656e65726174657c693a313438363035343437393b), ('9atqvm19ih5ps8ms427j87apg9m8hmep', '139.162.118.185', '1486125447', 0x5f5f63695f6c6173745f726567656e65726174657c693a313438363132353434373b), ('b4su4fac4v24ok5eaqnklqfhjgn23k92', '66.249.76.118', '1486127072', 0x5f5f63695f6c6173745f726567656e65726174657c693a313438363132373037323b), ('rohq0ccj7nto36b279rl7a60kd55m13e', '201.186.49.235', '1486136852', 0x5f5f63695f6c6173745f726567656e65726174657c693a313438363133363835323b), ('ppsgs3i3lqfta2alilbgt5asc4dvlger', '184.105.139.70', '1486140228', 0x5f5f63695f6c6173745f726567656e65726174657c693a313438363134303232383b), ('89s3rl3niks0ga9v7ikidhb23qa2ik44', '66.249.83.209', '1486147169', 0x5f5f63695f6c6173745f726567656e65726174657c693a313438363134373136393b), ('ealbtq8p9o3ka7segphljn6e5t0is5em', '73.240.243.64', '1486172678', 0x5f5f63695f6c6173745f726567656e65726174657c693a313438363137323637383b), ('aomtmkhtc0t1ds6lamtetpflr0a31n20', '125.64.94.200', '1486181997', 0x5f5f63695f6c6173745f726567656e65726174657c693a313438363138313939373b), ('h4te06iedllck0erj65qp19eq74hr1aa', '216.218.206.67', '1486204158', 0x5f5f63695f6c6173745f726567656e65726174657c693a313438363230343135383b), ('7tbbnm4v7ff7cnmasto4mps7fio4aeol', '64.246.165.50', '1486207093', 0x5f5f63695f6c6173745f726567656e65726174657c693a313438363230373039333b), ('iv5lbvobop4vju37n0l3sruihun76vng', '66.249.76.120', '1486223470', 0x5f5f63695f6c6173745f726567656e65726174657c693a313438363232333437303b), ('a4qo8rfmtn6ta5erq0s847teprtdobft', '66.249.76.64', '1486237870', 0x5f5f63695f6c6173745f726567656e65726174657c693a313438363233373837303b), ('vlh7751tj6piul4lq22hbite197peim9', '139.162.125.99', '1486270820', 0x5f5f63695f6c6173745f726567656e65726174657c693a313438363237303832303b), ('cifln52tf4s1agqeo6kgdsi9ka61fm2f', '159.203.98.29', '1486290694', 0x5f5f63695f6c6173745f726567656e65726174657c693a313438363239303639343b), ('m9la2fsdonqjk1gk9c6569akv7arllsv', '216.218.206.68', '1486295586', 0x5f5f63695f6c6173745f726567656e65726174657c693a313438363239353538363b), ('biv48rsh34pbh9h6omnbtspoqrde36nc', '66.249.79.168', '1486311548', 0x5f5f63695f6c6173745f726567656e65726174657c693a313438363331313534383b), ('0rhq08238i4qtvpd9vcshmvbhcd03iu4', '66.249.83.209', '1486318541', 0x5f5f63695f6c6173745f726567656e65726174657c693a313438363331383534313b), ('c43gqanhs2np5cf3j8h39cndf2qsgq6f', '138.197.75.217', '1486349298', 0x5f5f63695f6c6173745f726567656e65726174657c693a313438363334393239383b), ('21nsn1n92dvvarr8q7qqgrkh13si1jvv', '139.162.125.99', '1486383129', 0x5f5f63695f6c6173745f726567656e65726174657c693a313438363338333132393b), ('jvf249al5cdtbla4jr13j9sioe3gll20', '187.72.137.27', '1486387213', 0x5f5f63695f6c6173745f726567656e65726174657c693a313438363338373231333b), ('qpjd8g4qa12bpi2gk12vmk9hm71s6t80', '72.14.199.92', '1486390867', 0x5f5f63695f6c6173745f726567656e65726174657c693a313438363339303836373b), ('qsptt63ujd9ep2vql2bb3v1ag37pcntt', '66.249.83.211', '1486392121', 0x5f5f63695f6c6173745f726567656e65726174657c693a313438363339323132313b), ('84ra8jfe06pehfi83kdu264o753damji', '66.249.69.199', '1486394257', 0x5f5f63695f6c6173745f726567656e65726174657c693a313438363339343235373b), ('gbb4gftbj43tce3tb9csumpc9sib1jl6', '208.94.227.6', '1486395436', 0x5f5f63695f6c6173745f726567656e65726174657c693a313438363339353433363b), ('5sc3tt85fi1oielddcn68mt7l86gvbsm', '184.105.247.194', '1486397206', 0x5f5f63695f6c6173745f726567656e65726174657c693a313438363339373230363b), ('6mcmiabfsa09djam3ahq0avs96gi8qg3', '216.232.136.128', '1486409759', 0x5f5f63695f6c6173745f726567656e65726174657c693a313438363430393735393b), ('be0ds9elvtmc36vc9hvrjfumqdpi2ttq', '66.249.69.194', '1486450428', 0x5f5f63695f6c6173745f726567656e65726174657c693a313438363435303432383b), ('ai88g5bvalgadck1cqnar0km5qqvpqfk', '66.249.91.100', '1486482528', 0x5f5f63695f6c6173745f726567656e65726174657c693a313438363438323532383b), ('idc8okmvbi2hbnvalgj7757l6qsl74p3', '66.249.92.84', '1486487583', 0x5f5f63695f6c6173745f726567656e65726174657c693a313438363438373538333b), ('iil4p060isbb71btgieahe5limucr6b7', '74.82.47.3', '1486489533', 0x5f5f63695f6c6173745f726567656e65726174657c693a313438363438393533333b), ('0172mmqf22h9371en3e177epju4q4ksg', '66.249.83.213', '1486489668', 0x5f5f63695f6c6173745f726567656e65726174657c693a313438363438393636383b), ('23jhg8qef5j47346667elidovrbbo8pb', '138.197.118.205', '1486502322', 0x5f5f63695f6c6173745f726567656e65726174657c693a313438363530323332323b), ('us4a8iquhe6kg2hbskv1fr8rqjdla65k', '66.249.66.168', '1486506245', 0x5f5f63695f6c6173745f726567656e65726174657c693a313438363530363234353b), ('p11t5o8u5d58pap4ib5ksru7gotvemm9', '60.191.38.78', '1486523325', 0x5f5f63695f6c6173745f726567656e65726174657c693a313438363532333332353b), ('a6savsgabopt63tnjmoansoeuu6hjq79', '66.249.83.213', '1486558282', 0x5f5f63695f6c6173745f726567656e65726174657c693a313438363535383238323b), ('8ldgkn8htimbvs2514lskf55n6oufrr3', '66.249.76.120', '1486571817', 0x5f5f63695f6c6173745f726567656e65726174657c693a313438363537313831373b), ('8ojtugth0b34oddom358e265qdl051g2', '184.105.247.196', '1486576248', 0x5f5f63695f6c6173745f726567656e65726174657c693a313438363537363234383b), ('0go8aic8e8881l32bc2680j1rriipuk5', '138.197.76.62', '1486577500', 0x5f5f63695f6c6173745f726567656e65726174657c693a313438363537373530303b), ('hfq914mbec5cp7iaf341omqb58mg25fo', '45.55.62.194', '1486583248', 0x5f5f63695f6c6173745f726567656e65726174657c693a313438363538333234383b), ('rmh3jjv3bps62dri7f7ksgh96mgnhib3', '183.129.160.229', '1486590259', 0x5f5f63695f6c6173745f726567656e65726174657c693a313438363539303235393b), ('21bq6k7po42t2r5851ugt7il7gbcbc3l', '54.147.190.204', '1486591596', 0x5f5f63695f6c6173745f726567656e65726174657c693a313438363539313539363b), ('fm0ikvankvjotas79m262ee58nl8dkok', '66.249.76.64', '1486646760', 0x5f5f63695f6c6173745f726567656e65726174657c693a313438363634363736303b), ('29b1855irrf6am1ru3ale3hruramaitj', '139.162.125.99', '1486649729', 0x5f5f63695f6c6173745f726567656e65726174657c693a313438363634393732393b), ('i5gbmar2gdnu72od4f1nqocce528brkj', '66.249.83.211', '1486651672', 0x5f5f63695f6c6173745f726567656e65726174657c693a313438363635313637323b), ('eqorako01eufafkbd06gc37cqh12s992', '74.82.47.4', '1486658432', 0x5f5f63695f6c6173745f726567656e65726174657c693a313438363635383433323b), ('c6rik54qhuv496rh19t4vfhcsau1qipr', '66.249.73.237', '1486730858', 0x5f5f63695f6c6173745f726567656e65726174657c693a313438363733303835383b), ('m38ucdlkq48p4brln5bdamcmf69jcvou', '184.105.247.194', '1486736486', 0x5f5f63695f6c6173745f726567656e65726174657c693a313438363733363438363b), ('vc4g5un9jugrn7gjasnnjqan590p3fen', '138.197.104.250', '1486750739', 0x5f5f63695f6c6173745f726567656e65726174657c693a313438363735303733393b), ('hcshc01upl40qi55f4aqetbrse88fff3', '138.197.75.211', '1486753177', 0x5f5f63695f6c6173745f726567656e65726174657c693a313438363735333137373b), ('o0fa8oifceq57ilcu9s51hbef07ifrvn', '138.197.100.18', '1486755149', 0x5f5f63695f6c6173745f726567656e65726174657c693a313438363735353134393b), ('odagm3nqu79l3i7393q53tbidd69i36k', '66.249.76.67', '1486791693', 0x5f5f63695f6c6173745f726567656e65726174657c693a313438363739313639333b), ('bcebg8u09rk1k9m18cjdupo62t4qu9dg', '139.162.113.204', '1486803036', 0x5f5f63695f6c6173745f726567656e65726174657c693a313438363830333033363b), ('rgbk3m4segppcp4thq3t7602evo46kpg', '66.249.66.165', '1486804349', 0x5f5f63695f6c6173745f726567656e65726174657c693a313438363830343334393b), ('tr0u8fmap68l65gt2mug281epq6mlsdl', '104.131.84.188', '1486813394', 0x5f5f63695f6c6173745f726567656e65726174657c693a313438363831333339343b), ('trcba7eeg3531uonthgu73488aveosi9', '174.138.79.243', '1486817036', 0x5f5f63695f6c6173745f726567656e65726174657c693a313438363831373033363b), ('37h80o6ovrg20gh8bar125nl27ai9cv1', '174.138.72.18', '1486818152', 0x5f5f63695f6c6173745f726567656e65726174657c693a313438363831383135323b), ('t2canuseabgjhmtippl8u4utnsnmb49l', '66.249.83.209', '1486846155', 0x5f5f63695f6c6173745f726567656e65726174657c693a313438363834363135353b), ('pc993v856o6lc5qkbravd7ec6agpvf19', '66.249.66.161', '1486892040', 0x5f5f63695f6c6173745f726567656e65726174657c693a313438363839323034303b), ('j50cp8n1c7rie2qu6ip4rcb4fkhrc896', '66.249.83.209', '1486919006', 0x5f5f63695f6c6173745f726567656e65726174657c693a313438363931393030363b), ('858aqud33ivthven9johkhpc8v0sbio2', '191.126.57.85', '1486919326', 0x5f5f63695f6c6173745f726567656e65726174657c693a313438363931393332363b), ('hc5jtcvvupabe33tj7g0m5cu1tmhqn6d', '191.126.57.85', '1486919760', 0x5f5f63695f6c6173745f726567656e65726174657c693a313438363931393736303b), ('ohidt4fksersrambd1qiuf10qq67dm40', '191.126.57.85', '1486921851', 0x5f5f63695f6c6173745f726567656e65726174657c693a313438363932313835313b), ('1do7u3adruboq1ntqdf4r5v0f06i3ago', '191.126.57.85', '1486921972', 0x5f5f63695f6c6173745f726567656e65726174657c693a313438363932313835313b), ('ddbiq4f3074psvoaraggpkus87ikosh7', '139.162.116.133', '1486958362', 0x5f5f63695f6c6173745f726567656e65726174657c693a313438363935383336323b), ('edcc9k839999f5pl7o7bss4qvk668qf9', '66.249.66.168', '1486971190', 0x5f5f63695f6c6173745f726567656e65726174657c693a313438363937313139303b), ('e54nfjbj15masjfdd574o8o7s7er468h', '66.249.83.211', '1486991909', 0x5f5f63695f6c6173745f726567656e65726174657c693a313438363939313930393b), ('tvgquttrpuccus2mjr5fbubl886rlhrh', '186.67.190.74', '1487002502', 0x5f5f63695f6c6173745f726567656e65726174657c693a313438373030323530323b), ('2jugqtpghvie1cnt6dpunfhg1lqe5j80', '186.67.190.74', '1487005331', 0x5f5f63695f6c6173745f726567656e65726174657c693a313438373030353333313b), ('m9kgbf961pvsrjdij9auk5jirgm7hj38', '186.67.190.74', '1487005331', 0x5f5f63695f6c6173745f726567656e65726174657c693a313438373030353333313b), ('krog4k8kv7ftu75ieeljls8ulus0utvb', '186.67.190.74', '1487015141', 0x5f5f63695f6c6173745f726567656e65726174657c693a313438373031353134313b), ('kosvhld0mpocklg91dbka2ao08jg0j0b', '186.67.190.74', '1487015149', 0x5f5f63695f6c6173745f726567656e65726174657c693a313438373031353134313b), ('urjlc3rkma46ri7t51ajh1sciddp630t', '66.249.76.95', '1487027199', 0x5f5f63695f6c6173745f726567656e65726174657c693a313438373032373139393b), ('4oj2u74jhbftgqrt5vhs40shtk7h92b1', '186.105.225.142', '1487037356', 0x5f5f63695f6c6173745f726567656e65726174657c693a313438373033373335363b), ('nd4nvituq6n8ve70v1i4pblp2efhslne', '186.105.225.142', '1487039293', 0x5f5f63695f6c6173745f726567656e65726174657c693a313438373033393239333b), ('a50q5phreiuker4t73kifuta3ea903s9', '186.105.225.142', '1487039620', 0x5f5f63695f6c6173745f726567656e65726174657c693a313438373033393632303b), ('kt7drr10cd96vjj5qvr3obn9h1gh9p2s', '186.105.225.142', '1487040461', 0x5f5f63695f6c6173745f726567656e65726174657c693a313438373034303436313b), ('jl72fst77e3mkbs23n8d220q56tr1s2l', '186.105.225.142', '1487039623', 0x5f5f63695f6c6173745f726567656e65726174657c693a313438373033393632303b), ('cqpegt6roe2bvm1i73h7d1c5a6uo7r39', '186.105.225.142', '1487040461', 0x5f5f63695f6c6173745f726567656e65726174657c693a313438373034303436313b), ('qk78d2sv48ls74nf0mvqh6lj88qcof40', '190.8.121.31', '1487042694', 0x5f5f63695f6c6173745f726567656e65726174657c693a313438373034323639343b), ('680qaavnedblgm9nb3u441o9f6ohes7q', '190.8.121.31', '1487042694', 0x5f5f63695f6c6173745f726567656e65726174657c693a313438373034323639343b), ('5anucnenpbq816bs73j5pmr4l16o6j3s', '60.191.38.77', '1487056643', 0x5f5f63695f6c6173745f726567656e65726174657c693a313438373035363634333b), ('auhd6sm8k8f1u7drftjs8c1rchmt5uvg', '139.162.106.181', '1487067450', 0x5f5f63695f6c6173745f726567656e65726174657c693a313438373036373435303b), ('0f895vsjk2biiqumpaocpjukstdnabsf', '66.249.83.209', '1487069864', 0x5f5f63695f6c6173745f726567656e65726174657c693a313438373036393836343b), ('c0q8fcp58bnepjfh9cor9lmg38th4bss', '186.105.151.0', '1487070075', 0x5f5f63695f6c6173745f726567656e65726174657c693a313438373037303032353b), ('l14cnjr9rtghq7lm456jk0aktf07qqds', '186.105.151.0', '1487070196', 0x5f5f63695f6c6173745f726567656e65726174657c693a313438373037303137393b), ('62on72af71ei6gte264b813tr0c1o840', '200.119.236.87', '1487084309', 0x5f5f63695f6c6173745f726567656e65726174657c693a313438373038343330393b), ('jts7r2k4ilduaf2lgk15pv1rn8ah71tm', '66.249.91.23', '1487088930', 0x5f5f63695f6c6173745f726567656e65726174657c693a313438373038383933303b), ('pardcliidctam8cggluvh9fungui5uh5', '54.193.107.185', '1487091984', 0x5f5f63695f6c6173745f726567656e65726174657c693a313438373039313938343b), ('ma6v327f8ngd9lmaf7pshkpt8kgqj9f2', '66.249.76.7', '1487122934', 0x5f5f63695f6c6173745f726567656e65726174657c693a313438373132323933343b), ('330ke8m56m9jel9gvrr3vofnagv276d0', '66.249.76.67', '1487125500', 0x5f5f63695f6c6173745f726567656e65726174657c693a313438373132353530303b), ('c7jtsa7963hlvbcru1s16t4d1dva1vmp', '66.249.76.67', '1487143134', 0x5f5f63695f6c6173745f726567656e65726174657c693a313438373134333133343b), ('dn6onddkkhkttin0t1vtmgp31960fooi', '92.63.91.84', '1487188955', 0x5f5f63695f6c6173745f726567656e65726174657c693a313438373138383935353b), ('47oo2bfuc3snbjm236aun7i77bkp71bo', '66.249.69.51', '1487205463', 0x5f5f63695f6c6173745f726567656e65726174657c693a313438373230353436333b), ('4n0grrbte3996vcu4q2g6l1obnn0t1dc', '139.162.113.204', '1487217578', 0x5f5f63695f6c6173745f726567656e65726174657c693a313438373231373537383b), ('tjssh6v0c73q2u987m9ucor7dlfigg5q', '66.249.69.134', '1487224643', 0x5f5f63695f6c6173745f726567656e65726174657c693a313438373232343634333b), ('3em4g64bvmk9nlprg3kvfv0b41c9t7l1', '66.249.76.9', '1487236865', 0x5f5f63695f6c6173745f726567656e65726174657c693a313438373233363836353b), ('num3vbdicprvadt7ihgs3q9vproeq508', '66.249.76.7', '1487236866', 0x5f5f63695f6c6173745f726567656e65726174657c693a313438373233363836363b), ('s1cn72jf2s3i0ic3q8t30mqs59kkgjfi', '66.249.76.64', '1487237174', 0x5f5f63695f6c6173745f726567656e65726174657c693a313438373233373137343b), ('lmjcsdponis3790s7ju8akqn0pon73v7', '60.191.38.77', '1487242281', 0x5f5f63695f6c6173745f726567656e65726174657c693a313438373234323238313b), ('ea9s21vn3lsemol1ge8vbp6c9us6luve', '66.249.76.9', '1487242335', 0x5f5f63695f6c6173745f726567656e65726174657c693a313438373234323333353b), ('lisbhpc2grct1l5vumkk2r1f1rj6qh61', '92.63.91.84', '1487255552', 0x5f5f63695f6c6173745f726567656e65726174657c693a313438373235353535323b), ('p31hf6ro8l7dsu9go2gd9oegn3rtp8n7', '66.249.76.7', '1487260535', 0x5f5f63695f6c6173745f726567656e65726174657c693a313438373236303533353b), ('r3speu0o4qpfarvajvlmp2euf0jstt1b', '66.249.76.9', '1487270605', 0x5f5f63695f6c6173745f726567656e65726174657c693a313438373237303630353b), ('94ch6fii4qfdul9tbdsn18hr224foddq', '66.249.76.95', '1487272121', 0x5f5f63695f6c6173745f726567656e65726174657c693a313438373237323132313b), ('prqdcckbebtcgcafu0mkhrtlrdd58h38', '66.249.76.11', '1487283576', 0x5f5f63695f6c6173745f726567656e65726174657c693a313438373238333537363b), ('oks8obu7j59887nlkdggia616sluhdoi', '66.249.76.9', '1487283577', 0x5f5f63695f6c6173745f726567656e65726174657c693a313438373238333537373b), ('8baj7ln15t0kjosih4i6gho5duo6nb7l', '66.249.76.67', '1487305168', 0x5f5f63695f6c6173745f726567656e65726174657c693a313438373330353136383b), ('sbg4nihulpdbl4jb5jkav80hmt225pkp', '66.249.76.11', '1487356521', 0x5f5f63695f6c6173745f726567656e65726174657c693a313438373335363532313b), ('g6insgluggm5gjos94121m82nph35q1k', '66.249.66.19', '1487368729', 0x5f5f63695f6c6173745f726567656e65726174657c693a313438373336383732393b), ('0p4m5mg8kvjlag1gehehnoie27cerkmi', '66.249.76.95', '1487382169', 0x5f5f63695f6c6173745f726567656e65726174657c693a313438373338323136393b), ('8fm0fgcjab0r7aqbcngqi4nhj7oc7ik7', '66.249.66.13', '1487392030', 0x5f5f63695f6c6173745f726567656e65726174657c693a313438373339323033303b), ('he8j403sm7t26plaqgb13t5u1m5sntqo', '66.249.66.168', '1487394949', 0x5f5f63695f6c6173745f726567656e65726174657c693a313438373339343934393b), ('sleqbqtsodgeli40k8o3f6gmkd9ckpm5', '138.197.115.255', '1487397999', 0x5f5f63695f6c6173745f726567656e65726174657c693a313438373339373939393b), ('q9kvtbcdk8gbvc0k0l6c93dtd94cvqcb', '138.197.20.78', '1487400586', 0x5f5f63695f6c6173745f726567656e65726174657c693a313438373430303538363b), ('jfhcu5uou9fn8gf1puc2p94ejannkln3', '66.249.76.9', '1487401987', 0x5f5f63695f6c6173745f726567656e65726174657c693a313438373430313938373b), ('75luavs7pau805e2bdh5epf6khdh4dud', '138.197.5.21', '1487403842', 0x5f5f63695f6c6173745f726567656e65726174657c693a313438373430333834323b), ('f214iblfvrs0hr0cmh5bav9k6lvf8iek', '66.249.76.95', '1487403915', 0x5f5f63695f6c6173745f726567656e65726174657c693a313438373430333931353b), ('ggugqt1ri7clo2euamou517pkqusnfli', '66.249.76.67', '1487409283', 0x5f5f63695f6c6173745f726567656e65726174657c693a313438373430393238333b), ('o3a5k06segv9ktlgbrjn380uuau2p2gs', '66.249.76.7', '1487413972', 0x5f5f63695f6c6173745f726567656e65726174657c693a313438373431333937323b), ('m2713obr92f8c30amip63e1jmfkqpku7', '66.249.76.64', '1487414464', 0x5f5f63695f6c6173745f726567656e65726174657c693a313438373431343436343b), ('vau2ju8lnmgmmj3od82n8eg5872i97de', '66.249.66.19', '1487423003', 0x5f5f63695f6c6173745f726567656e65726174657c693a313438373432333030333b), ('pagsq3g8am63gkimhlcjf51nc0qj15d2', '66.249.76.9', '1487428760', 0x5f5f63695f6c6173745f726567656e65726174657c693a313438373432383736303b), ('e3vf43022jl0ebtqjg7vtfbtfspuqfjk', '186.105.162.22', '1487434648', 0x5f5f63695f6c6173745f726567656e65726174657c693a313438373433343634383b), ('1gtqc5umteg6tgj87tko8ppqh91mg9fm', '186.105.162.22', '1487434665', 0x5f5f63695f6c6173745f726567656e65726174657c693a313438373433343634383b), ('fefbfa2022475742e0f62f2ac877576e98268dd7', '::1', '1487437304', 0x5f5f63695f6c6173745f726567656e65726174657c693a313438373433373330343b), ('dbcb115f7b7a3da84be72f1f05ea0a26c05cb54a', '::1', '1487437676', 0x5f5f63695f6c6173745f726567656e65726174657c693a313438373433373637363b), ('8f3e91a8fe588c2c6e36e04a40fb2f9660c8a57b', '::1', '1487438093', 0x5f5f63695f6c6173745f726567656e65726174657c693a313438373433383039333b), ('2580b7041b34550b717c91ae6d2d753dc3f144fe', '::1', '1487438820', 0x5f5f63695f6c6173745f726567656e65726174657c693a313438373433383832303b), ('0c7f705e32aecae92b177a79e4749d0bd95cb2c5', '::1', '1487439122', 0x5f5f63695f6c6173745f726567656e65726174657c693a313438373433393132323b), ('1db674ae97e553021b59fb959d47ec995f4032ee', '::1', '1487439497', 0x5f5f63695f6c6173745f726567656e65726174657c693a313438373433393439373b), ('8e96902b95d259162c85238389cb1b1442728e7b', '::1', '1487440015', 0x5f5f63695f6c6173745f726567656e65726174657c693a313438373434303031353b), ('0b6463d23b3dfbfcfaccead8e39b1c3904fc260c', '::1', '1487440220', 0x5f5f63695f6c6173745f726567656e65726174657c693a313438373434303031353b), ('6e72d74a1cfa9a30227b43166f38237f2abdf1ed', '::1', '1487453777', 0x5f5f63695f6c6173745f726567656e65726174657c693a313438373435333737373b), ('e4a909c6a625e389162608714b752aa176c5488c', '::1', '1487455444', 0x5f5f63695f6c6173745f726567656e65726174657c693a313438373435353434343b), ('7e4f579b3408e51d67ed0088f24ce1b2d73ff1c1', '::1', '1487455753', 0x5f5f63695f6c6173745f726567656e65726174657c693a313438373435353735333b), ('c044a1e844888e1e0ada06f4b905973d0be7febc', '::1', '1487456468', 0x5f5f63695f6c6173745f726567656e65726174657c693a313438373435363436383b), ('fa2599604ba0f4ab1cb929587a8e29e5657c6a9c', '::1', '1487456779', 0x5f5f63695f6c6173745f726567656e65726174657c693a313438373435363737393b), ('52a8c11410d698d961fac889b5b68d606442ced8', '::1', '1487457226', 0x5f5f63695f6c6173745f726567656e65726174657c693a313438373435373232363b), ('c50049aa6f292aab01fe3c8b13b087dbf4853044', '::1', '1487457601', 0x5f5f63695f6c6173745f726567656e65726174657c693a313438373435373630313b), ('78ff7feee2d034baac37ed22683c49223f0e8d8b', '::1', '1487459678', 0x5f5f63695f6c6173745f726567656e65726174657c693a313438373435393637383b), ('9d71e88d30347113bef4b4002117d558db2c8819', '::1', '1487460101', 0x5f5f63695f6c6173745f726567656e65726174657c693a313438373436303130313b), ('97d0c63e0c2ca9b93bb5eff42fa1524a71032e9a', '::1', '1487460406', 0x5f5f63695f6c6173745f726567656e65726174657c693a313438373436303430363b), ('55f8135899ab560ad2277c90063b6ae4a3f39366', '::1', '1487461074', 0x5f5f63695f6c6173745f726567656e65726174657c693a313438373436313037343b), ('1693e0e056fc4ed55379fd1208be25d1e37dc0fd', '::1', '1487461074', 0x5f5f63695f6c6173745f726567656e65726174657c693a313438373436313037343b), ('f3b1489f0a484df38e65455c8868714aec2fdcc8', '::1', '1487471980', 0x5f5f63695f6c6173745f726567656e65726174657c693a313438373437313938303b), ('487589d1acd601847686c842d9c514501b5a6a02', '::1', '1487472403', 0x5f5f63695f6c6173745f726567656e65726174657c693a313438373437323430333b), ('8923b69118cef95d855f7bf157a3e0a568f196ca', '::1', '1487472585', 0x5f5f63695f6c6173745f726567656e65726174657c693a313438373437323430333b), ('88635b5a8dc8bf008fc8209fa1b2215bc7e35a8d', '::1', '1487536983', 0x5f5f63695f6c6173745f726567656e65726174657c693a313438373533363938333b), ('622016800e3b15f3a312091123afdcf2c1d5633d', '::1', '1487537451', 0x5f5f63695f6c6173745f726567656e65726174657c693a313438373533373435313b), ('6f4812c36dfb72974a7b57a2bb1ddd6650d378c2', '::1', '1487537886', 0x5f5f63695f6c6173745f726567656e65726174657c693a313438373533373838363b), ('7615bdc30cafa9793cc03d8e7a2cd8339c6e3b3c', '::1', '1487538026', 0x5f5f63695f6c6173745f726567656e65726174657c693a313438373533373838363b), ('45f5b046199860dfa5aec387f026d1534965f845', '::1', '1487646451', 0x5f5f63695f6c6173745f726567656e65726174657c693a313438373634363435313b), ('8bbb8e56a9725780d9bef18eda7f9bb6281e3911', '::1', '1487646752', 0x5f5f63695f6c6173745f726567656e65726174657c693a313438373634363735323b), ('e16a199999016e0c2b085de00950f69d11cec7ae', '127.0.0.1', '1487646510', 0x5f5f63695f6c6173745f726567656e65726174657c693a313438373634363531303b), ('f05442232c82b0a2c305e6d39cb69647bdf92777', '::1', '1487647440', 0x5f5f63695f6c6173745f726567656e65726174657c693a313438373634373434303b), ('de822c96e05533c16413649d7689095138ac6aea', '::1', '1487651180', 0x5f5f63695f6c6173745f726567656e65726174657c693a313438373635313138303b), ('cbed9689351a38deece0b81bd126f5d5a16ed797', '::1', '1487651650', 0x5f5f63695f6c6173745f726567656e65726174657c693a313438373635313635303b), ('b66d34a52f6a579d71b1e63118736962c5cda7da', '::1', '1487652030', 0x5f5f63695f6c6173745f726567656e65726174657c693a313438373635323033303b), ('b33f474284459084f8c497609743e7a5eed5a33b', '::1', '1487652811', 0x5f5f63695f6c6173745f726567656e65726174657c693a313438373635323831313b), ('3682bfd4e31fae00b72dd886976a54c8219d1bd3', '::1', '1487652858', 0x5f5f63695f6c6173745f726567656e65726174657c693a313438373635323831313b), ('e8c0f06a9fd6f59ff1c6713708144e650ed1f64b', '::1', '1487810733', 0x5f5f63695f6c6173745f726567656e65726174657c693a313438373831303733333b), ('a10d6d105be88e27766745138c6adb9c6c30e45c', '::1', '1487810846', 0x5f5f63695f6c6173745f726567656e65726174657c693a313438373831303733333b), ('13be8de7e9bbd519b31daefaf6ac68d3d0a8767b', '::1', '1487848799', 0x5f5f63695f6c6173745f726567656e65726174657c693a313438373834383739393b), ('273e8700d6687470f3d230bc8098fef680636c23', '::1', '1487900067', 0x5f5f63695f6c6173745f726567656e65726174657c693a313438373930303036373b), ('611f092fe10bce5bf57b11ad3e2b9cf016150a58', '::1', '1487901309', 0x5f5f63695f6c6173745f726567656e65726174657c693a313438373930313330393b), ('feb7954580c869f018e8e04c8cbc25bf3c05da1b', '::1', '1487901331', 0x5f5f63695f6c6173745f726567656e65726174657c693a313438373930313330393b), ('df1294c28e0ed72c540840bbfb0fce00ec182074', '::1', '1487973507', 0x5f5f63695f6c6173745f726567656e65726174657c693a313438373937333530373b), ('54459d4971b0e0eaca1017bc73cb6dd4cd3a1c06', '::1', '1487973839', 0x5f5f63695f6c6173745f726567656e65726174657c693a313438373937333833393b), ('41ec0d08e3602aa501f5a2a8b9028490fc654a29', '::1', '1487974354', 0x5f5f63695f6c6173745f726567656e65726174657c693a313438373937343335343b), ('b89a983c67ceb5cc2afe3f7893cba509081c5492', '::1', '1487974375', 0x5f5f63695f6c6173745f726567656e65726174657c693a313438373937343335343b), ('c97b896a346de1f14979eae1038d34de6318bab2', '::1', '1488033892', 0x5f5f63695f6c6173745f726567656e65726174657c693a313438383033333839323b), ('76436756208e655dbf80ab0366c88e500146ac49', '::1', '1488035062', 0x5f5f63695f6c6173745f726567656e65726174657c693a313438383033353036323b), ('8bdd65285c85aaad0414bf61e9763d71bb5b420f', '::1', '1488035500', 0x5f5f63695f6c6173745f726567656e65726174657c693a313438383033353530303b), ('eeb9bce2e6b5bf5a9d2cf1ff308041caff502a1e', '::1', '1488035884', 0x5f5f63695f6c6173745f726567656e65726174657c693a313438383033353838343b), ('27160c28a87a406b2d70e1bb735bac4a0a61bbd7', '::1', '1488036530', 0x5f5f63695f6c6173745f726567656e65726174657c693a313438383033363533303b), ('e5d11e33c2d4f230b5649df2c99d049d6d3d9897', '::1', '1488036972', 0x5f5f63695f6c6173745f726567656e65726174657c693a313438383033363937323b), ('55286b01d1867e17a16e760ec52bd851f80b92f2', '::1', '1488037297', 0x5f5f63695f6c6173745f726567656e65726174657c693a313438383033373239373b), ('b61804e1c0f7f5a2ad07acfc96463c63d25e1796', '::1', '1488037309', 0x5f5f63695f6c6173745f726567656e65726174657c693a313438383033373239373b), ('fe44014696c004743dd632c4815ede7790a586ac', '::1', '1488046539', 0x5f5f63695f6c6173745f726567656e65726174657c693a313438383034363533393b), ('c267e4cdd62cb9c40c6e79fa1ad159303d4024ec', '::1', '1488046876', 0x5f5f63695f6c6173745f726567656e65726174657c693a313438383034363837363b), ('287c1a4ee7a234612a0e7defa63f28d6a84f2d5a', '::1', '1488047197', 0x5f5f63695f6c6173745f726567656e65726174657c693a313438383034373139373b), ('449ab2c4250a12a3d1d8cc87fab06acfb71e42ad', '::1', '1488047673', 0x5f5f63695f6c6173745f726567656e65726174657c693a313438383034373637333b), ('551cabc76f0dca961fe42dfb0293d54753b805c4', '::1', '1488048201', 0x5f5f63695f6c6173745f726567656e65726174657c693a313438383034383230313b), ('666bed46501d7536c22c7a966b77607daaccd125', '::1', '1488049643', 0x5f5f63695f6c6173745f726567656e65726174657c693a313438383034393634333b), ('cd90af7a5004e7ac0b9815c07a97aed89b06b278', '::1', '1488050088', 0x5f5f63695f6c6173745f726567656e65726174657c693a313438383035303038383b), ('bc224f61d78020d58397e7d33b48345a95cd36cc', '::1', '1488050477', 0x5f5f63695f6c6173745f726567656e65726174657c693a313438383035303437373b), ('9838e221e9a063d9c68c8663b78560b60984fafd', '::1', '1488050782', 0x5f5f63695f6c6173745f726567656e65726174657c693a313438383035303738323b), ('df217b2a8a68fa88d006f2cf1840d3bdfed13cad', '::1', '1488055628', 0x5f5f63695f6c6173745f726567656e65726174657c693a313438383035353632383b), ('eeb83d3f0e0e07a2e1987b3162e0d7c49680da96', '::1', '1488055782', 0x5f5f63695f6c6173745f726567656e65726174657c693a313438383035353632383b), ('ede89bd03066f0caecacdc6e1dfdcbecbc955caa', '::1', '1488063344', 0x5f5f63695f6c6173745f726567656e65726174657c693a313438383036333334343b), ('f9e71a8b192a34fb263ad04360a6d29842615b1a', '::1', '1488063825', 0x5f5f63695f6c6173745f726567656e65726174657c693a313438383036333832353b), ('75688f31720e13fa6122505f3de55eb2877a5735', '::1', '1488064884', 0x5f5f63695f6c6173745f726567656e65726174657c693a313438383036343838343b), ('a504808cbd394c4200fc4f5caa9b81df4f819f39', '::1', '1488065237', 0x5f5f63695f6c6173745f726567656e65726174657c693a313438383036353233373b), ('ce00e2f7a5d8c80fe0f19057befac80957e87aab', '::1', '1488065662', 0x5f5f63695f6c6173745f726567656e65726174657c693a313438383036353636323b), ('6aad262cd4684f6ab38f8ebcaa06ce3d9a7731c0', '::1', '1488066006', 0x5f5f63695f6c6173745f726567656e65726174657c693a313438383036363030363b), ('89ffa4d0ba113875a0b88ba5e81d0fe655c40153', '::1', '1488066006', 0x5f5f63695f6c6173745f726567656e65726174657c693a313438383036363030363b), ('672b921e27c7f9b0034b8db24314a0f6fd2aa591', '::1', '1488078126', 0x5f5f63695f6c6173745f726567656e65726174657c693a313438383037383132363b), ('c56b9cd7dab2c064b3681b6f1f8a5723bbd66e30', '::1', '1488078465', 0x5f5f63695f6c6173745f726567656e65726174657c693a313438383037383436353b), ('8b3c52c23176206e51fad0fe8c2a020a8975875e', '::1', '1488078788', 0x5f5f63695f6c6173745f726567656e65726174657c693a313438383037383738383b), ('1f1d0be5801808126f9a1b2b1e518ffb7ac6f6a4', '::1', '1488079120', 0x5f5f63695f6c6173745f726567656e65726174657c693a313438383037393132303b), ('2c720362a46c983569726710cf8ad00563f5e5e0', '::1', '1488079438', 0x5f5f63695f6c6173745f726567656e65726174657c693a313438383037393433383b), ('ce15442bf3e1ffcb66c25bda5cb70572e8e16736', '::1', '1488079739', 0x5f5f63695f6c6173745f726567656e65726174657c693a313438383037393733393b), ('9270e3d8b9d502573f284a93ada91ef582ccd4f3', '::1', '1488081140', 0x5f5f63695f6c6173745f726567656e65726174657c693a313438383038313134303b), ('0174da2e36e7b34b16c7527f4ac1f9f859e4be1b', '::1', '1488081617', 0x5f5f63695f6c6173745f726567656e65726174657c693a313438383038313631373b), ('0807f0d3faacf626dbe32122e0ddaff9f633cfec', '::1', '1488082971', 0x5f5f63695f6c6173745f726567656e65726174657c693a313438383038323937313b), ('58fe135c95776c1751d21bdcde391155c603b3f3', '::1', '1488082991', 0x5f5f63695f6c6173745f726567656e65726174657c693a313438383038323937313b), ('a8512ccce00ebc0f27c9b761e36e94f61c41d179', '::1', '1488122263', 0x5f5f63695f6c6173745f726567656e65726174657c693a313438383132323132343b), ('1c23e60def50d0e6d713021528b7a8b7add1e4d0', '::1', '1488142498', 0x5f5f63695f6c6173745f726567656e65726174657c693a313438383134323439383b), ('d7f9b81eade8cff8f1e4a94e5cf1dbc8bc4e9ee8', '::1', '1488143763', 0x5f5f63695f6c6173745f726567656e65726174657c693a313438383134333736333b), ('b7f865155477971d16ea7115ae063e0277ad68ac', '::1', '1488144274', 0x5f5f63695f6c6173745f726567656e65726174657c693a313438383134343237343b), ('14c509fe96d1cb79e16323d125a99091ef08aea0', '::1', '1488147596', 0x5f5f63695f6c6173745f726567656e65726174657c693a313438383134373539363b), ('511aa19aabff6125483c5342d7d6ea7743c3c12e', '::1', '1488148630', 0x5f5f63695f6c6173745f726567656e65726174657c693a313438383134383633303b), ('c6ece416d7d34691efba8d264af78a7a91aacb8b', '::1', '1488148937', 0x5f5f63695f6c6173745f726567656e65726174657c693a313438383134383933373b), ('011823fb31fe06c337781bfd23e132797c7375d0', '::1', '1488149247', 0x5f5f63695f6c6173745f726567656e65726174657c693a313438383134393234373b), ('168d804cc7eaf8d1b45dd2f0983752031a2fd8ed', '::1', '1488155405', 0x5f5f63695f6c6173745f726567656e65726174657c693a313438383135353430353b), ('c5379772644e45f3196b4a9acdcb49dced40b770', '::1', '1488158050', 0x5f5f63695f6c6173745f726567656e65726174657c693a313438383135383035303b), ('9cef1e659a7942d49ed8418ae43a7f65e0b109ca', '::1', '1488158930', 0x5f5f63695f6c6173745f726567656e65726174657c693a313438383135383933303b), ('1a3945b6a35cf5789754ed87407f4482b9976799', '::1', '1488159377', 0x5f5f63695f6c6173745f726567656e65726174657c693a313438383135393337373b), ('355b574af39857b47f02e75da7f187b1258b233c', '::1', '1488159749', 0x5f5f63695f6c6173745f726567656e65726174657c693a313438383135393734393b), ('6f67a9bb77c743113a61aa2a43e0abbd9e58b872', '::1', '1488160072', 0x5f5f63695f6c6173745f726567656e65726174657c693a313438383136303037323b), ('fd01df66220503875b15c9fceb78ab9b12f22f4c', '::1', '1488161521', 0x5f5f63695f6c6173745f726567656e65726174657c693a313438383136313532313b), ('774a155ff8fbbe61431e9a11cc131fbc7dd203a7', '::1', '1488160394', 0x5f5f63695f6c6173745f726567656e65726174657c693a313438383136303339343b), ('1898696540ef1e5e128fc8696303071e1254ac66', '::1', '1488161917', 0x5f5f63695f6c6173745f726567656e65726174657c693a313438383136313931373b), ('c4ed390c7416b01ff71f8caa1314a9bb0385b51b', '::1', '1488162449', 0x5f5f63695f6c6173745f726567656e65726174657c693a313438383136323434393b), ('6e93299c23bdf6462e347a48fdf68fb885fac338', '::1', '1488162920', 0x5f5f63695f6c6173745f726567656e65726174657c693a313438383136323932303b), ('187d83fa99cd9598d56bc4cf98325bd2bb93fcf5', '::1', '1488163390', 0x5f5f63695f6c6173745f726567656e65726174657c693a313438383136333339303b), ('36cf9cb836385a1c91724a1eb227b402277bcae0', '::1', '1488164165', 0x5f5f63695f6c6173745f726567656e65726174657c693a313438383136343136353b), ('a3fc6d09a41fdbd6d329c09b7c8fba160cba8e7b', '::1', '1488164663', 0x5f5f63695f6c6173745f726567656e65726174657c693a313438383136343636333b), ('49991c218c48a96fedd7ae92e39d6d2228c79d13', '::1', '1488165466', 0x5f5f63695f6c6173745f726567656e65726174657c693a313438383136353436363b), ('7a1c65b03be04027a44caffdd5fc3f38424b52b1', '::1', '1488165620', 0x5f5f63695f6c6173745f726567656e65726174657c693a313438383136353436363b), ('1292e0c2ee7f58d4725126219755257841f8c5e3', '::1', '1488213896', 0x5f5f63695f6c6173745f726567656e65726174657c693a313438383231333839363b), ('2b5aba3826976405e27567f26349a51ae24abbe5', '::1', '1488216363', 0x5f5f63695f6c6173745f726567656e65726174657c693a313438383231363336333b), ('436c82902c8211fada6abfa4a2b726470453f370', '::1', '1488216498', 0x5f5f63695f6c6173745f726567656e65726174657c693a313438383231363336333b), ('b3f50b7281341456f9153550590116f8c68dac0b', '::1', '1488227438', 0x5f5f63695f6c6173745f726567656e65726174657c693a313438383232373433383b), ('2cafaaf29505814120983b422d03b339d1749a1c', '::1', '1488227760', 0x5f5f63695f6c6173745f726567656e65726174657c693a313438383232373736303b), ('a2b8e8a3d552231d7498f17364a7e4b74ce42383', '::1', '1488228119', 0x5f5f63695f6c6173745f726567656e65726174657c693a313438383232383131393b), ('a0805734bd80fddc4f1829c8c0466db040a2c0cb', '::1', '1488228583', 0x5f5f63695f6c6173745f726567656e65726174657c693a313438383232383538333b), ('4592990df9cecefd055fe77c9c82c6ae11c113ad', '::1', '1488228899', 0x5f5f63695f6c6173745f726567656e65726174657c693a313438383232383839393b), ('c11a5010de9fcf1b267cd595306cb5fc6fbc20cf', '::1', '1488231395', 0x5f5f63695f6c6173745f726567656e65726174657c693a313438383233313339353b), ('2af685f6c197cd4d70c262092e0cd95328356518', '::1', '1488232071', 0x5f5f63695f6c6173745f726567656e65726174657c693a313438383233323037313b), ('1252309f6f528484e1452df9ec7cd91233c5cb3d', '::1', '1488232426', 0x5f5f63695f6c6173745f726567656e65726174657c693a313438383233323432363b), ('6fb831b2f0f0367f90da5331432c73ec534453e2', '::1', '1488232767', 0x5f5f63695f6c6173745f726567656e65726174657c693a313438383233323736373b), ('48fc79947cb06818864aa97557c15409b08c7de9', '::1', '1488233101', 0x5f5f63695f6c6173745f726567656e65726174657c693a313438383233333130313b), ('dc11ed76b9800fd050818eac524a0b9399d49af8', '::1', '1488233637', 0x5f5f63695f6c6173745f726567656e65726174657c693a313438383233333633373b), ('dbf4604e357acf9dec0816e5b722e9b5220dda2a', '::1', '1488233948', 0x5f5f63695f6c6173745f726567656e65726174657c693a313438383233333934383b), ('05aa89f7a2cf28b631aa797bcbc5acc233a6ac7d', '::1', '1488234297', 0x5f5f63695f6c6173745f726567656e65726174657c693a313438383233343239373b), ('5773f66f3edd58f17421829c74a74cd9bc27aafe', '::1', '1488234661', 0x5f5f63695f6c6173745f726567656e65726174657c693a313438383233343636313b), ('bc2a3f3bfe60306a187bfd4b30fac5e9b60e39f6', '::1', '1488235074', 0x5f5f63695f6c6173745f726567656e65726174657c693a313438383233353037343b), ('5f27b636b13dd0c281ba891fba9d843a650dbb8a', '::1', '1488239996', 0x5f5f63695f6c6173745f726567656e65726174657c693a313438383233393939363b), ('772eb65fe5b77e601fba8d39ce522af0418f0954', '::1', '1488245017', 0x5f5f63695f6c6173745f726567656e65726174657c693a313438383234353031373b), ('05e874cd4c2e884b19993b5a4f5b9f5c991c8a98', '::1', '1488240297', 0x5f5f63695f6c6173745f726567656e65726174657c693a313438383234303239373b), ('f3d9162efa22c61e5714706d3e5c6fe48ad37cbc', '::1', '1488245329', 0x5f5f63695f6c6173745f726567656e65726174657c693a313438383234353332393b), ('6de44fe055f598dc773d9efc76d13a5c618e5638', '::1', '1488249590', 0x5f5f63695f6c6173745f726567656e65726174657c693a313438383234393539303b), ('8b9ac9a032098675f5c51fd3ead600feddb0ce6c', '::1', '1488250020', 0x5f5f63695f6c6173745f726567656e65726174657c693a313438383235303032303b), ('65fc6ea7247c9a5eea6e644569b216bfc2a9d9e8', '::1', '1488250325', 0x5f5f63695f6c6173745f726567656e65726174657c693a313438383235303332353b), ('31bc13a1b379bdfec57f29d6a6e24f01e73a4fea', '::1', '1488250671', 0x5f5f63695f6c6173745f726567656e65726174657c693a313438383235303637313b), ('b580a061733658562b640373705f05e8d23369bc', '::1', '1488251081', 0x5f5f63695f6c6173745f726567656e65726174657c693a313438383235313038313b), ('bb45dd13ed9a879cdd49e04fd2777a8b3d9798de', '::1', '1488251362', 0x5f5f63695f6c6173745f726567656e65726174657c693a313438383235313038313b);
COMMIT;

-- ----------------------------
--  Table structure for `banners`
-- ----------------------------
DROP TABLE IF EXISTS `banners`;
CREATE TABLE `banners` (
  `id_banner` int(12) NOT NULL AUTO_INCREMENT,
  `nombre_banner` varchar(100) DEFAULT NULL,
  `fecha_carga` datetime DEFAULT NULL,
  `url_imagen` varchar(200) DEFAULT NULL,
  `activo` int(1) DEFAULT '1',
  PRIMARY KEY (`id_banner`)
) ENGINE=InnoDB AUTO_INCREMENT=4 DEFAULT CHARSET=latin1;

-- ----------------------------
--  Records of `banners`
-- ----------------------------
BEGIN;
INSERT INTO `banners` VALUES ('1', 'PRINCIPAL 01', '2017-02-18 18:36:49', 'banner_01_770x450.jpg', '1'), ('2', 'PRINCIPAL 02', '2017-02-18 18:37:34', 'banner_02_770x450.jpg', '1'), ('3', 'PRINCIPAL 03', '2017-02-18 18:37:59', 'banner_03_770x450.jpg', '1');
COMMIT;

-- ----------------------------
--  Table structure for `categoria`
-- ----------------------------
DROP TABLE IF EXISTS `categoria`;
CREATE TABLE `categoria` (
  `id_categoria` int(12) NOT NULL AUTO_INCREMENT,
  `codigo_categoria` varchar(3) NOT NULL,
  `descripcion_categoria` varchar(100) NOT NULL,
  `categoria_web` int(1) NOT NULL DEFAULT '0',
  PRIMARY KEY (`id_categoria`)
) ENGINE=MyISAM AUTO_INCREMENT=7 DEFAULT CHARSET=latin1 ROW_FORMAT=DYNAMIC;

-- ----------------------------
--  Records of `categoria`
-- ----------------------------
BEGIN;
INSERT INTO `categoria` VALUES ('1', '01', 'HERRAMIENTAS', '1'), ('2', '02', 'MAQUINARIAS', '1'), ('3', '03', 'ARRIENDOS', '1'), ('4', '04', 'FIBRA DE VIDRIO', '1'), ('5', '05', 'SEGURIDAD INDUSTRIAL', '1'), ('6', '06', 'JUANPI', '0');
COMMIT;

-- ----------------------------
--  Table structure for `cliente`
-- ----------------------------
DROP TABLE IF EXISTS `cliente`;
CREATE TABLE `cliente` (
  `id_cliente` int(12) NOT NULL AUTO_INCREMENT,
  `rut` varchar(15) DEFAULT NULL,
  `razon_social` varchar(150) DEFAULT NULL,
  `direccion` varchar(150) DEFAULT NULL,
  `numero` varchar(100) DEFAULT NULL,
  `id_comuna` int(12) DEFAULT NULL,
  `email` varchar(150) DEFAULT NULL,
  `fecha_creacion` datetime DEFAULT CURRENT_TIMESTAMP,
  `giro` varchar(150) DEFAULT NULL,
  PRIMARY KEY (`id_cliente`)
) ENGINE=MyISAM DEFAULT CHARSET=latin1 ROW_FORMAT=DYNAMIC;

-- ----------------------------
--  Table structure for `cotizacion_det`
-- ----------------------------
DROP TABLE IF EXISTS `cotizacion_det`;
CREATE TABLE `cotizacion_det` (
  `id_detalle_cotizacion` int(12) NOT NULL AUTO_INCREMENT,
  `id_enc_cotizacion` int(12) NOT NULL,
  `id_producto` int(12) NOT NULL,
  `catidad` decimal(12,0) NOT NULL,
  `unitario` decimal(12,0) NOT NULL,
  `dcto` decimal(4,2) DEFAULT NULL,
  `unitario_dcto` decimal(12,0) DEFAULT NULL,
  `cantidad_total` decimal(12,0) NOT NULL,
  PRIMARY KEY (`id_detalle_cotizacion`)
) ENGINE=MyISAM DEFAULT CHARSET=latin1 ROW_FORMAT=FIXED;

-- ----------------------------
--  Table structure for `cotizacion_enc`
-- ----------------------------
DROP TABLE IF EXISTS `cotizacion_enc`;
CREATE TABLE `cotizacion_enc` (
  `id_cotizacion` int(12) NOT NULL AUTO_INCREMENT,
  `num_cotizacion` int(20) unsigned zerofill NOT NULL,
  `id_cliente` int(12) NOT NULL,
  `fecha_cotizacion` datetime NOT NULL,
  `neto` decimal(15,0) NOT NULL,
  `iva` decimal(15,0) NOT NULL,
  `total` decimal(15,0) NOT NULL,
  `pendiente` int(1) NOT NULL DEFAULT '0' COMMENT '0 Pendiente de revision\n1 revisada',
  `enviada_cliente` int(1) NOT NULL DEFAULT '0',
  PRIMARY KEY (`id_cotizacion`)
) ENGINE=MyISAM DEFAULT CHARSET=latin1 ROW_FORMAT=FIXED;

-- ----------------------------
--  Table structure for `imagen_producto`
-- ----------------------------
DROP TABLE IF EXISTS `imagen_producto`;
CREATE TABLE `imagen_producto` (
  `id_imagen` int(12) NOT NULL AUTO_INCREMENT,
  `id_producto` int(12) NOT NULL,
  `nombre_archivo` varchar(100) NOT NULL,
  `activo` int(1) NOT NULL DEFAULT '1',
  `principal` int(1) DEFAULT '0' COMMENT '0 imagen normal\n1 Imagen principal',
  PRIMARY KEY (`id_imagen`)
) ENGINE=MyISAM AUTO_INCREMENT=3 DEFAULT CHARSET=latin1 ROW_FORMAT=FIXED;

-- ----------------------------
--  Records of `imagen_producto`
-- ----------------------------
BEGIN;
INSERT INTO `imagen_producto` VALUES ('1', '1', 'LY-100A-01-A.jpg', '1', '1'), ('2', '1', 'LY-100A-01-B.jpg', '1', '0');
COMMIT;

-- ----------------------------
--  Table structure for `newsletter`
-- ----------------------------
DROP TABLE IF EXISTS `newsletter`;
CREATE TABLE `newsletter` (
  `id_email_news` int(12) NOT NULL AUTO_INCREMENT,
  `email` varchar(150) DEFAULT NULL,
  PRIMARY KEY (`id_email_news`)
) ENGINE=MyISAM DEFAULT CHARSET=latin1 ROW_FORMAT=DYNAMIC;

-- ----------------------------
--  Table structure for `producto`
-- ----------------------------
DROP TABLE IF EXISTS `producto`;
CREATE TABLE `producto` (
  `id_producto` int(12) NOT NULL AUTO_INCREMENT,
  `codigo_producto` varchar(5) NOT NULL,
  `descripcion` varchar(100) NOT NULL,
  `codigo_fabricante` varchar(50) DEFAULT NULL,
  `codigo_barra_fabricante` varchar(50) DEFAULT NULL,
  `precio_venta` decimal(10,0) DEFAULT NULL,
  `precio_costo` decimal(10,0) DEFAULT NULL,
  `precio_arriendo_dia` decimal(10,0) DEFAULT NULL,
  `precio_garantia` decimal(10,0) DEFAULT NULL,
  `precio_mes` decimal(10,0) DEFAULT NULL,
  `oferta_especial_web` decimal(10,0) NOT NULL DEFAULT '0',
  `activo_web` int(1) NOT NULL DEFAULT '1',
  `id_sub_categoria` int(12) NOT NULL,
  `id_categoria` int(12) NOT NULL,
  `descripcion_detallada` text,
  `fecha_creacion` datetime DEFAULT CURRENT_TIMESTAMP,
  `destacado` int(1) DEFAULT '0',
  PRIMARY KEY (`id_producto`)
) ENGINE=MyISAM AUTO_INCREMENT=2 DEFAULT CHARSET=latin1 ROW_FORMAT=DYNAMIC;

-- ----------------------------
--  Records of `producto`
-- ----------------------------
BEGIN;
INSERT INTO `producto` VALUES ('1', '00001', 'ESMERIL ANGULAR 4,5\"', 'LY-100A-01', null, '56000', null, null, null, null, '45000', '1', '1', '1', 'El Esmeril angular 4,5\" LEIYA es un artefacto elctrico que se utiliza para pulir y cortar. Esta referencia cuenta con un motor de gran potencia que la hace adecuada para darle un uso industrial. Est en el rango de las herramientas y maquinarias de tamao compacto ms fciles de usar. Es muy utilizado en el sector de la construccin, en metalurgia y como una mquina vital para labores de rescate y emergencias.', '2017-02-22 21:44:08', '1');
COMMIT;

-- ----------------------------
--  Table structure for `sub_categoria`
-- ----------------------------
DROP TABLE IF EXISTS `sub_categoria`;
CREATE TABLE `sub_categoria` (
  `id_sub_categoria` int(12) NOT NULL AUTO_INCREMENT,
  `codigo_sub_categoria` varchar(3) NOT NULL,
  `id_categoria` int(12) NOT NULL,
  `nombre_sub_categoria` varchar(100) NOT NULL,
  `sub_categoria_web` int(1) NOT NULL DEFAULT '0',
  PRIMARY KEY (`id_sub_categoria`),
  KEY `id_categoria` (`id_categoria`)
) ENGINE=MyISAM AUTO_INCREMENT=10 DEFAULT CHARSET=latin1 ROW_FORMAT=DYNAMIC;

-- ----------------------------
--  Records of `sub_categoria`
-- ----------------------------
BEGIN;
INSERT INTO `sub_categoria` VALUES ('1', '01', '1', 'ESMERILES', '1'), ('2', '02', '1', 'TALADROS', '1'), ('3', '03', '1', 'SIERRAS ELECTRICAS', '1'), ('4', '04', '1', 'TRONZADORAS', '1'), ('5', '05', '1', 'MARTILLOS PERFORADORES', '1'), ('6', '06', '1', 'MARTILLOS DEMOLEDORES', '1'), ('7', '01', '2', 'HERRAMIENTAS', '1'), ('8', '02', '2', 'MAQUINARIAS', '1'), ('9', '01', '4', 'CINTA FV THERMAL-IN', '1');
COMMIT;

-- ----------------------------
--  Table structure for `usuario`
-- ----------------------------
DROP TABLE IF EXISTS `usuario`;
CREATE TABLE `usuario` (
  `id_usuario` int(12) NOT NULL AUTO_INCREMENT,
  `usuario` varchar(100) NOT NULL,
  `pass` varchar(50) NOT NULL,
  `nombre_usuario` varchar(100) DEFAULT NULL,
  `apellido_usuario` varchar(100) DEFAULT NULL,
  PRIMARY KEY (`id_usuario`)
) ENGINE=InnoDB AUTO_INCREMENT=2 DEFAULT CHARSET=latin1;

-- ----------------------------
--  Records of `usuario`
-- ----------------------------
BEGIN;
INSERT INTO `usuario` VALUES ('1', 'admin@intsu.cl', 'd033e22ae348aeb5660fc2140aec35850c4da997', 'ADMINISTRADOR', 'DEL SISTEMA');
COMMIT;

-- ----------------------------
--  View structure for `producto_completa`
-- ----------------------------
DROP VIEW IF EXISTS `producto_completa`;
CREATE ALGORITHM=UNDEFINED DEFINER=`root`@`localhost` SQL SECURITY INVOKER VIEW `producto_completa` AS select `producto`.`precio_venta` AS `precio_venta`,`producto`.`id_producto` AS `id_producto`,`producto`.`codigo_producto` AS `codigo_producto`,`producto`.`descripcion` AS `descripcion`,`producto`.`codigo_fabricante` AS `codigo_fabricante`,`producto`.`codigo_barra_fabricante` AS `codigo_barra_fabricante`,`producto`.`precio_costo` AS `precio_costo`,`producto`.`precio_arriendo_dia` AS `precio_arriendo_dia`,`producto`.`precio_garantia` AS `precio_garantia`,`producto`.`precio_mes` AS `precio_mes`,`producto`.`oferta_especial_web` AS `oferta_especial_web`,`producto`.`activo_web` AS `activo_web`,`producto`.`id_sub_categoria` AS `id_sub_categoria`,`producto`.`id_categoria` AS `id_categoria`,`producto`.`descripcion_detallada` AS `descripcion_detallada`,`producto`.`fecha_creacion` AS `fecha_creacion`,`producto`.`destacado` AS `destacado`,`categoria`.`codigo_categoria` AS `codigo_categoria`,`categoria`.`descripcion_categoria` AS `descripcion_categoria`,`sub_categoria`.`codigo_sub_categoria` AS `codigo_sub_categoria`,`sub_categoria`.`nombre_sub_categoria` AS `nombre_sub_categoria` from ((`producto` join `categoria` on((`producto`.`id_categoria` = `categoria`.`id_categoria`))) join `sub_categoria` on((`producto`.`id_sub_categoria` = `sub_categoria`.`id_sub_categoria`)));

-- ----------------------------
--  View structure for `producto_imagen_principal`
-- ----------------------------
DROP VIEW IF EXISTS `producto_imagen_principal`;
CREATE ALGORITHM=UNDEFINED DEFINER=`root`@`localhost` SQL SECURITY INVOKER VIEW `producto_imagen_principal` AS select `producto`.`id_producto` AS `id_producto`,`producto`.`codigo_producto` AS `codigo_producto`,`producto`.`descripcion` AS `descripcion`,`producto`.`precio_venta` AS `precio_venta`,`producto`.`precio_arriendo_dia` AS `precio_arriendo_dia`,`producto`.`precio_garantia` AS `precio_garantia`,`producto`.`precio_mes` AS `precio_mes`,`producto`.`oferta_especial_web` AS `oferta_especial_web`,`producto`.`id_sub_categoria` AS `id_sub_categoria`,`producto`.`id_categoria` AS `id_categoria`,`producto`.`descripcion_detallada` AS `descripcion_detallada`,`imagen_producto`.`nombre_archivo` AS `nombre_archivo`,`imagen_producto`.`id_imagen` AS `id_imagen`,`producto`.`destacado` AS `destacado`,`producto`.`activo_web` AS `activo_web` from (`producto` join `imagen_producto` on((`producto`.`id_producto` = `imagen_producto`.`id_producto`))) where ((`imagen_producto`.`activo` = 1) and (`imagen_producto`.`principal` = 1) and (`producto`.`activo_web` = 1));

SET FOREIGN_KEY_CHECKS = 1;
